market_key,contracts,n_outcomes,report_ticker,is_sports,kalshi_category,top_outcome
PRES-2024,537684497,2,PRES,FALSE,Elections,PRES-2024-KH
KXPGATOUR-MAST26,317085741,20,KXPGATOUR,TRUE,Sports,KXPGATOUR-MAST26-SSCH
KXSB-26,304418898,8,KXSB,TRUE,Sports,KXSB-26-NE
KXMARMAD-26,241735118,16,KXMARMAD,TRUE,Sports,KXMARMAD-26-CONN
KXFEDCHAIRNOM-29,208506993,7,KXFEDCHAIRNOM,FALSE,Politics,KXFEDCHAIRNOM-29-JS
KXMAYORNYCPARTY-25,113438928,3,KXMAYORNYCPARTY,FALSE,Politics,KXMAYORNYCPARTY-25-AC
KXNCAAF-26,100650811,3,KXNCAAF,TRUE,Sports,KXNCAAF-26-MIA
KXNFLNFCCHAMP-25,97789665,2,KXNFLNFCCHAMP,TRUE,Sports,KXNFLNFCCHAMP-25-LA
KXNBA-25,93793244,2,KXNBA,TRUE,Sports,KXNBA-25-IND
KXFEDDECISION-25SEP,90116790,3,KXFEDDECISION,FALSE,Economics,KXFEDDECISION-25SEP-H0
POPVOTEMOV-24-R-B,89274383,5,POPVOTEMOV,FALSE,Elections,POPVOTEMOV-24-R-B-2.5
KXNFLGAME-26JAN10GBCHI,83841787,2,KXNFLGAME,TRUE,Sports,KXNFLGAME-26JAN10GBCHI-CHI
KXNFLGAME-26JAN17BUFDEN,82591388,2,KXNFLGAME,TRUE,Sports,KXNFLGAME-26JAN17BUFDEN-BUF
POPVOTE-24,82368078,2,POPVOTE,FALSE,Politics,POPVOTE-24-D
KXNFLGAME-26JAN18LACHI,81774498,2,KXNFLGAME,TRUE,Sports,KXNFLGAME-26JAN18LACHI-CHI
KXFIRSTSUPERBOWLSONG-26FEB09,80087432,8,KXFIRSTSUPERBOWLSONG,FALSE,Entertainment,KXFIRSTSUPERBOWLSONG-26FEB09-TIT
KXBOXING-25DEC19JPAUAJOS,74787852,2,KXBOXING,TRUE,Sports,KXBOXING-25DEC19JPAUAJOS-JPAU
POPVOTEMOVSMALL-24-R,71821216,5,POPVOTEMOVSMALL,FALSE,Elections,POPVOTEMOVSMALL-24-R-B1.4
KXNFLGAME-26JAN18SFSEA,69988803,2,KXNFLGAME,TRUE,Sports,KXNFLGAME-26JAN18SFSEA-SF
KXNFLGAME-25SEP28GBDAL,68390667,2,KXNFLGAME,TRUE,Sports,KXNFLGAME-25SEP28GBDAL-DAL
KXNFLAFCCHAMP-25,68371131,2,KXNFLAFCCHAMP,TRUE,Sports,KXNFLAFCCHAMP-25-NE
KXMLB-25,66554667,2,KXMLB,TRUE,Sports,KXMLB-25-LAD
KXNFLGAME-25OCT02SFLA,64826508,2,KXNFLGAME,TRUE,Sports,KXNFLGAME-25OCT02SFLA-SF
KXNFLGAME-26JAN11SFPHI,64353350,2,KXNFLGAME,TRUE,Sports,KXNFLGAME-26JAN11SFPHI-SF
KXGOVSHUT,60576426,1,KXGOVSHUT,FALSE,Politics,KXGOVSHUT-26JAN31
KXNFLGAME-25OCT06KCJAC,59022099,2,KXNFLGAME,TRUE,Sports,KXNFLGAME-25OCT06KCJAC-KC
KXMASTERS-25,58666687,4,KXMASTERS,TRUE,Sports,KXMASTERS-25-RM
KXNCAAFGAME-26JAN01MISSUGA,57936005,2,KXNCAAFGAME,TRUE,Sports,KXNCAAFGAME-26JAN01MISSUGA-UGA
KXMARMAD-25,54116564,3,KXMARMAD,TRUE,Sports,KXMARMAD-25-FL
KXNFLGAME-25DEC08PHILAC,53747537,2,KXNFLGAME,TRUE,Sports,KXNFLGAME-25DEC08PHILAC-PHI
KXNFLGAME-25DEC29LAATL,53676293,2,KXNFLGAME,TRUE,Sports,KXNFLGAME-25DEC29LAATL-LA
KXNFLGAME-25DEC21NEBAL,52404002,2,KXNFLGAME,TRUE,Sports,KXNFLGAME-25DEC21NEBAL-NE
KXNFLGAME-25DEC18LASEA,51829015,2,KXNFLGAME,TRUE,Sports,KXNFLGAME-25DEC18LASEA-LA
KXNFLGAME-25OCT05NEBUF,51765332,2,KXNFLGAME,TRUE,Sports,KXNFLGAME-25OCT05NEBUF-BUF
KXKHAMENEIOUT-AKHA,50240737,3,KXKHAMENEIOUT,FALSE,Politics,KXKHAMENEIOUT-AKHA-26MAR01
KXNFLGAME-26JAN10LACAR,49874366,2,KXNFLGAME,TRUE,Sports,KXNFLGAME-26JAN10LACAR-CAR
KXNFLGAME-25SEP22DETBAL,49513133,2,KXNFLGAME,TRUE,Sports,KXNFLGAME-25SEP22DETBAL-DET
KXNFLGAME-26JAN04BALPIT,49029199,2,KXNFLGAME,TRUE,Sports,KXNFLGAME-26JAN04BALPIT-PIT
KXNFLGAME-25NOV27KCDAL,48703350,2,KXNFLGAME,TRUE,Sports,KXNFLGAME-25NOV27KCDAL-DAL
KXNFLGAME-26JAN12HOUPIT,48418428,2,KXNFLGAME,TRUE,Sports,KXNFLGAME-26JAN12HOUPIT-PIT
KXFEDDECISION-25JUL,47328249,3,KXFEDDECISION,FALSE,Economics,KXFEDDECISION-25JUL-C25
KXNCAAFGAME-26JAN08MIAMISS,46939642,2,KXNCAAFGAME,TRUE,Sports,KXNCAAFGAME-26JAN08MIAMISS-MISS
KXNFLGAME-25DEC07HOUKC,46648749,2,KXNFLGAME,TRUE,Sports,KXNFLGAME-25DEC07HOUKC-KC
KXNFLGAME-25OCT09PHINYG,45963324,2,KXNFLGAME,TRUE,Sports,KXNFLGAME-25OCT09PHINYG-PHI
KXNFLGAME-26JAN11LACNE,45254815,2,KXNFLGAME,TRUE,Sports,KXNFLGAME-26JAN11LACNE-LAC
KXNFLGAME-25NOV27CINBAL,44498369,2,KXNFLGAME,TRUE,Sports,KXNFLGAME-25NOV27CINBAL-CIN
KXNCAAMBGAME-26APR04MICHARIZ,44363064,2,KXNCAAMBGAME,TRUE,Sports,KXNCAAMBGAME-26APR04MICHARIZ-ARIZ
KXNCAAFGAME-25DEC31MIAOSU,43323207,2,KXNCAAFGAME,TRUE,Sports,KXNCAAFGAME-25DEC31MIAOSU-OSU
KXNCAAMBGAME-26MAR22IOWAFLA,43179036,2,KXNCAAMBGAME,TRUE,Sports,KXNCAAMBGAME-26MAR22IOWAFLA-FLA
KXNFLGAME-25NOV30DENWAS,43111134,2,KXNFLGAME,TRUE,Sports,KXNFLGAME-25NOV30DENWAS-DEN
KXSUPERBOWLAD-SB2026,42849424,2,KXSUPERBOWLAD,FALSE,Companies,KXSUPERBOWLAD-SB2026-ANTHROPIC
KXNCAAMBGAME-26MAR19SIEDUKE,42436402,2,KXNCAAMBGAME,TRUE,Sports,KXNCAAMBGAME-26MAR19SIEDUKE-SIE
KXNFLGAME-25OCT20TBDET,42247895,2,KXNFLGAME,TRUE,Sports,KXNFLGAME-25OCT20TBDET-TB
KXNFLGAME-25OCT16PITCIN,41953050,2,KXNFLGAME,TRUE,Sports,KXNFLGAME-25OCT16PITCIN-CIN
KXNFLGAME-25DEC04DALDET,41671919,2,KXNFLGAME,TRUE,Sports,KXNFLGAME-25DEC04DALDET-DAL
KXNFLGAME-25NOV03ARIDAL,41433781,2,KXNFLGAME,TRUE,Sports,KXNFLGAME-25NOV03ARIDAL-DAL
KXNFLGAME-25DEC28CHISF,41367592,2,KXNFLGAME,TRUE,Sports,KXNFLGAME-25DEC28CHISF-CHI
KXNFLGAME-25NOV10PHIGB,41300747,2,KXNFLGAME,TRUE,Sports,KXNFLGAME-25NOV10PHIGB-PHI
KXNFLGAME-25DEC25DENKC,40934072,2,KXNFLGAME,TRUE,Sports,KXNFLGAME-25DEC25DENKC-KC
KXNFLGAME-25SEP25SEAARI,40251133,2,KXNFLGAME,TRUE,Sports,KXNFLGAME-25SEP25SEAARI-SEA
KXNCAAFGAME-25SEP26FSUUVA,40218823,2,KXNCAAFGAME,TRUE,Sports,KXNCAAFGAME-25SEP26FSUUVA-FSU
KXNFLGAME-25SEP08MINCHI,40151386,2,KXNFLGAME,TRUE,Sports,KXNFLGAME-25SEP08MINCHI-MIN
KXFEDDECISION-25DEC,39559747,3,KXFEDDECISION,FALSE,Economics,KXFEDDECISION-25DEC-H0
KXFEDDECISION-25OCT,38742095,3,KXFEDDECISION,FALSE,Economics,KXFEDDECISION-25OCT-H0
KXFEDDECISION-25MAY,38594197,3,KXFEDDECISION,FALSE,Economics,KXFEDDECISION-25MAY-C25
KXNFLGAME-25SEP18MIABUF,38373962,2,KXNFLGAME,TRUE,Sports,KXNFLGAME-25SEP18MIABUF-MIA
KXNFLGAME-25DEC20GBCHI,38333755,2,KXNFLGAME,TRUE,Sports,KXNFLGAME-25DEC20GBCHI-CHI
KXNFLGAME-25OCT13BUFATL,38221406,2,KXNFLGAME,TRUE,Sports,KXNFLGAME-25OCT13BUFATL-BUF
KXNCAAMBGAME-26APR04ILLCONN,38178639,2,KXNCAAMBGAME,TRUE,Sports,KXNCAAMBGAME-26APR04ILLCONN-ILL
KXNFLGAME-25NOV20BUFHOU,37961496,2,KXNFLGAME,TRUE,Sports,KXNFLGAME-25NOV20BUFHOU-BUF
KXNFLGAME-25SEP21KCNYG,37494203,2,KXNFLGAME,TRUE,Sports,KXNFLGAME-25SEP21KCNYG-NYG
KXNFLGAME-25DEC25DETMIN,36955282,2,KXNFLGAME,TRUE,Sports,KXNFLGAME-25DEC25DETMIN-DET
KXNCAAFGAME-25DEC24CALHAW,36940443,2,KXNCAAFGAME,TRUE,Sports,KXNCAAFGAME-25DEC24CALHAW-HAW
KXNFLGAME-25SEP15TBHOU,36673345,2,KXNFLGAME,TRUE,Sports,KXNFLGAME-25SEP15TBHOU-TB
KXNCAAMBGAME-26MAR29CONNDUKE,36587499,2,KXNCAAMBGAME,TRUE,Sports,KXNCAAMBGAME-26MAR29CONNDUKE-CONN
KXNFLGAME-25OCT26GBPIT,36170361,2,KXNFLGAME,TRUE,Sports,KXNFLGAME-25OCT26GBPIT-GB
KXNFLGAME-25DEC11ATLTB,36143767,2,KXNFLGAME,TRUE,Sports,KXNFLGAME-25DEC11ATLTB-ATL
KXNFLGAME-25SEP07BALBUF,35998374,2,KXNFLGAME,TRUE,Sports,KXNFLGAME-25SEP07BALBUF-BUF
KXWMENSINGLES-25,35909162,2,KXWMENSINGLES,TRUE,Sports,KXWMENSINGLES-25-CA
KXNFLGAME-25NOV27GBDET,35719291,2,KXNFLGAME,TRUE,Sports,KXNFLGAME-25NOV27GBDET-DET
KXNCAAFGAME-26JAN01ALAIND,35611314,2,KXNCAAFGAME,TRUE,Sports,KXNCAAFGAME-26JAN01ALAIND-ALA
SENATEAZ-24,35514247,2,SENATEAZ,FALSE,Politics,SENATEAZ-24-R
KXNCAAFGAME-26JAN09OREIND,35043376,2,KXNCAAFGAME,TRUE,Sports,KXNCAAFGAME-26JAN09OREIND-ORE
KXNFLGAME-25DEC28PHIBUF,34973628,2,KXNFLGAME,TRUE,Sports,KXNFLGAME-25DEC28PHIBUF-BUF
KXNFLGAME-25OCT12DETKC,34947385,2,KXNFLGAME,TRUE,Sports,KXNFLGAME-25OCT12DETKC-DET
KXNCAAFGAME-25DEC06INDOSU,34287407,2,KXNCAAFGAME,TRUE,Sports,KXNCAAFGAME-25DEC06INDOSU-OSU
KXNCAAMBGAME-26MAR22UCLACONN,33502104,2,KXNCAAMBGAME,TRUE,Sports,KXNCAAMBGAME-26MAR22UCLACONN-UCLA
KXNCAAFGAME-25DEC19ALAOKLA,33160656,2,KXNCAAFGAME,TRUE,Sports,KXNCAAFGAME-25DEC19ALAOKLA-ALA
KXPGATOUR-FSJC25,33138106,3,KXPGATOUR,TRUE,Sports,KXPGATOUR-FSJC25-SSCH
KXNFLGAME-25DEC21PITDET,32956506,2,KXNFLGAME,TRUE,Sports,KXNFLGAME-25DEC21PITDET-PIT
KXNBAGAME-26APR14MIACHA,32748536,2,KXNBAGAME,TRUE,Sports,KXNBAGAME-26APR14MIACHA-MIA
KXNFLGAME-25NOV02KCBUF,32435515,2,KXNFLGAME,TRUE,Sports,KXNFLGAME-25NOV02KCBUF-KC
KXNFLGAME-25NOV28CHIPHI,32368125,2,KXNFLGAME,TRUE,Sports,KXNFLGAME-25NOV28CHIPHI-CHI
KXNFLGAME-25OCT19ATLSF,32100004,2,KXNFLGAME,TRUE,Sports,KXNFLGAME-25OCT19ATLSF-SF
KXNFLGAME-25OCT19NYGDEN,32072710,2,KXNFLGAME,TRUE,Sports,KXNFLGAME-25OCT19NYGDEN-NYG
KXNFLGAME-25DEC14MINDAL,31983422,2,KXNFLGAME,TRUE,Sports,KXNFLGAME-25DEC14MINDAL-MIN
KXNCAAFGAME-26JAN01ORETTU,31664227,2,KXNCAAFGAME,TRUE,Sports,KXNCAAFGAME-26JAN01ORETTU-TTU
KXNBAGAME-25DEC25MINDEN,31547679,2,KXNBAGAME,TRUE,Sports,KXNBAGAME-25DEC25MINDEN-MIN
KXNCAAFGAME-25NOV28TXAMTEX,31482642,2,KXNCAAFGAME,TRUE,Sports,KXNCAAFGAME-25NOV28TXAMTEX-TXAM
KXLAYOFFSYINFO-26,31313269,1,KXLAYOFFSYINFO,FALSE,Economics,KXLAYOFFSYINFO-26-494000
KXNFLGAME-25NOV16DETPHI,30978990,2,KXNFLGAME,TRUE,Sports,KXNFLGAME-25NOV16DETPHI-DET
KXNFLGAME-25OCT05TBSEA,30716011,2,KXNFLGAME,TRUE,Sports,KXNFLGAME-25OCT05TBSEA-TB
KXPERFORMSUPERBOWLB-26,30676964,2,KXPERFORMSUPERBOWLB,FALSE,Entertainment,KXPERFORMSUPERBOWLB-26-CAR
KXNFLGAME-25OCT13CHIWAS,30463776,2,KXNFLGAME,TRUE,Sports,KXNFLGAME-25OCT13CHIWAS-CHI
KXNFLGAME-25SEP28LACNYG,30176905,2,KXNFLGAME,TRUE,Sports,KXNFLGAME-25SEP28LACNYG-LAC
KXGOVTSHUTDOWN,29962958,1,KXGOVTSHUTDOWN,FALSE,Politics,KXGOVTSHUTDOWN-26FEB14
KXNFLGAME-25SEP15LACLV,29420795,2,KXNFLGAME,TRUE,Sports,KXNFLGAME-25SEP15LACLV-LAC
KXFEDDECISION-25JUN,29353954,2,KXFEDDECISION,FALSE,Economics,KXFEDDECISION-25JUN-C25
KXNFLGAME-25NOV23PHIDAL,29212511,2,KXNFLGAME,TRUE,Sports,KXNFLGAME-25NOV23PHIDAL-PHI
KXFEDDECISION-26JAN,28955243,2,KXFEDDECISION,FALSE,Economics,KXFEDDECISION-26JAN-C25
KXNCAAFGAME-25DEC20MIATXAM,28874782,2,KXNCAAFGAME,TRUE,Sports,KXNCAAFGAME-25DEC20MIATXAM-TXAM
KXNBAGAME-26FEB27DENOKC,28630320,2,KXNBAGAME,TRUE,Sports,KXNBAGAME-26FEB27DENOKC-OKC
KXNFLGAME-25SEP29NYJMIA,28629700,2,KXNFLGAME,TRUE,Sports,KXNFLGAME-25SEP29NYJMIA-NYJ
KXNBAGAME-25JUN19OKCIND,28392249,2,KXNBAGAME,TRUE,Sports,KXNBAGAME-25JUN19OKCIND-OKC
KXNFLGAME-25NOV09PITLAC,28180359,2,KXNFLGAME,TRUE,Sports,KXNFLGAME-25NOV09PITLAC-PIT
KXMLBGAME-25OCT27TORLAD,28059503,2,KXMLBGAME,TRUE,Sports,KXMLBGAME-25OCT27TORLAD-LAD
KXFEDDECISION-26MAR,27886718,2,KXFEDDECISION,FALSE,Economics,KXFEDDECISION-26MAR-C25
KXNFLGAME-25SEP14ATLMIN,27828161,2,KXNFLGAME,TRUE,Sports,KXNFLGAME-25SEP14ATLMIN-MIN
KXNBAGAME-25JUN13OKCIND,27738922,2,KXNBAGAME,TRUE,Sports,KXNBAGAME-25JUN13OKCIND-IND
KXNFLGAME-25DEC27HOULAC,27671253,2,KXNFLGAME,TRUE,Sports,KXNFLGAME-25DEC27HOULAC-LAC
KXNCAAMBGAME-26MAR28PURARIZ,27578071,2,KXNCAAMBGAME,TRUE,Sports,KXNCAAMBGAME-26MAR28PURARIZ-ARIZ
KXNFLGAME-25SEP05KCLAC,27311328,2,KXNFLGAME,TRUE,Sports,KXNFLGAME-25SEP05KCLAC-KC
KXATPMATCH-26JAN29ALCZVE,27270654,2,KXATPMATCH,TRUE,Sports,KXATPMATCH-26JAN29ALCZVE-ALC
KXFOMENSINGLES-25,27268484,2,KXFOMENSINGLES,TRUE,Sports,KXFOMENSINGLES-25-CA
KXNFLGAME-25NOV06LVDEN,26818644,2,KXNFLGAME,TRUE,Sports,KXNFLGAME-25NOV06LVDEN-DEN
KXNFLGAME-25DEC07CHIGB,26810190,2,KXNFLGAME,TRUE,Sports,KXNFLGAME-25DEC07CHIGB-CHI
KXNCAAFGAME-25SEP26HOUORST,26794625,2,KXNCAAFGAME,TRUE,Sports,KXNCAAFGAME-25SEP26HOUORST-HOU
KXNFLGAME-25SEP04DALPHI,26713162,2,KXNFLGAME,TRUE,Sports,KXNFLGAME-25SEP04DALPHI-PHI
KXMLBSERIES-25DETSEA,26618051,2,KXMLBSERIES,TRUE,Sports,KXMLBSERIES-25DETSEA-SEA
KXMARMAD-25R4G2,26599411,2,KXMARMAD,TRUE,Sports,KXMARMAD-25R4G2-DUKE
KXNFLGAME-25NOV02SEAWAS,26528408,2,KXNFLGAME,TRUE,Sports,KXNFLGAME-25NOV02SEAWAS-WAS
KXNFLGAME-25OCT05DENPHI,26509630,2,KXNFLGAME,TRUE,Sports,KXNFLGAME-25OCT05DENPHI-PHI
KXSB-25,26412492,2,KXSB,TRUE,Sports,KXSB-25-KC
KXNBAGAME-25DEC13SASOKC,26287902,2,KXNBAGAME,TRUE,Sports,KXNBAGAME-25DEC13SASOKC-SAS
KXUSOMENSINGLES-25,26269544,2,KXUSOMENSINGLES,TRUE,Sports,KXUSOMENSINGLES-25-CA
KXNFLGAME-25OCT20HOUSEA,25631012,2,KXNFLGAME,TRUE,Sports,KXNFLGAME-25OCT20HOUSEA-HOU
KXCITRINI,25630973,1,KXCITRINI,FALSE,Politics,KXCITRINI-28JUL01
KXNFLGAME-25NOV23INDKC,25592986,2,KXNFLGAME,TRUE,Sports,KXNFLGAME-25NOV23INDKC-IND
KXNFLGAME-25NOV09ATLIND,25567034,2,KXNFLGAME,TRUE,Sports,KXNFLGAME-25NOV09ATLIND-IND
KXNFLGAME-25DEC01NYGNE,25563231,2,KXNFLGAME,TRUE,Sports,KXNFLGAME-25DEC01NYGNE-NE
KXUSOPEN-25,25276548,3,KXUSOPEN,TRUE,Sports,KXUSOPEN-25-SS
KXNFLGAME-25SEP14NYGDAL,25244415,2,KXNFLGAME,TRUE,Sports,KXNFLGAME-25SEP14NYGDAL-DAL
KXNCAAMBGAME-26MAR27SJUDUKE,25174502,2,KXNCAAMBGAME,TRUE,Sports,KXNCAAMBGAME-26MAR27SJUDUKE-SJU
KXNFLGAME-25SEP28MINPIT,25130843,2,KXNFLGAME,TRUE,Sports,KXNFLGAME-25SEP28MINPIT-MIN
KXNCAAFGAME-25SEP13UGATENN,25111414,2,KXNCAAFGAME,TRUE,Sports,KXNCAAFGAME-25SEP13UGATENN-UGA
KXNFLGAME-26JAN11BUFJAC,25016529,2,KXNFLGAME,TRUE,Sports,KXNFLGAME-26JAN11BUFJAC-BUF
KXMVESPORTSMULTIGAMEEXTENDED-S20267524AF37619,25004458,1,KXMVESPORTSMULTIGAMEEXTENDED,TRUE,"",KXMVESPORTSMULTIGAMEEXTENDED-S20267524AF37619-226F069E62F
KXNBAGAME-25JUN11OKCIND,24988200,2,KXNBAGAME,TRUE,Sports,KXNBAGAME-25JUN11OKCIND-OKC
KXNBAGAME-26MAR15GSWNYK,24929026,2,KXNBAGAME,TRUE,Sports,KXNBAGAME-26MAR15GSWNYK-GSW
KXNFLGAME-25OCT05MINCLE,24759597,2,KXNFLGAME,TRUE,Sports,KXNFLGAME-25OCT05MINCLE-MIN
KXNBAGAME-25DEC10SASLAL,24676960,2,KXNBAGAME,TRUE,Sports,KXNBAGAME-25DEC10SASLAL-LAL
KXNCAAMBGAME-26MAR26ILLHOU,24525137,2,KXNCAAMBGAME,TRUE,Sports,KXNCAAMBGAME-26MAR26ILLHOU-HOU
KXNFLGAME-26JAN18HOUNE,24467389,2,KXNFLGAME,TRUE,Sports,KXNFLGAME-26JAN18HOUNE-HOU
KXNCAAFGAME-25NOV15SCARTXAM,24425308,2,KXNCAAFGAME,TRUE,Sports,KXNCAAFGAME-25NOV15SCARTXAM-TXAM
KXNFLGAME-25OCT23MINLAC,24319299,2,KXNFLGAME,TRUE,Sports,KXNFLGAME-25OCT23MINLAC-MIN
KXNBAGAME-26FEB27CLEDET,24308597,2,KXNBAGAME,TRUE,Sports,KXNBAGAME-26FEB27CLEDET-DET
KXSBGUESTS-26,24031102,1,KXSBGUESTS,FALSE,Entertainment,KXSBGUESTS-26-MWAH
KXNCAAFGAME-25DEC06DUKEUVA,24022302,2,KXNCAAFGAME,TRUE,Sports,KXNCAAFGAME-25DEC06DUKEUVA-UVA
KXNCAAFGAME-25SEP27ALAUGA,23888184,2,KXNCAAFGAME,TRUE,Sports,KXNCAAFGAME-25SEP27ALAUGA-UGA
KXMLBWORLD-26,23767996,2,KXMLBWORLD,TRUE,Sports,KXMLBWORLD-26-USA
KXNFLGAME-25OCT27WASKC,23689210,2,KXNFLGAME,TRUE,Sports,KXNFLGAME-25OCT27WASKC-WAS
KXNBAGAME-26MAR12DENSAS,23636304,2,KXNBAGAME,TRUE,Sports,KXNBAGAME-26MAR12DENSAS-DEN
KXNCAAMBGAME-26MAR22TTUALA,23325404,2,KXNCAAMBGAME,TRUE,Sports,KXNCAAMBGAME-26MAR22TTUALA-TTU
KXNCAAFGAME-25SEP26TCUASU,23138352,2,KXNCAAFGAME,TRUE,Sports,KXNCAAFGAME-25SEP26TCUASU-TCU
KXNCAAMBGAME-26MAR20SCUUK,23082452,2,KXNCAAMBGAME,TRUE,Sports,KXNCAAMBGAME-26MAR20SCUUK-UK
KXNCAAFGAME-25DEC06UGAALA,23066517,2,KXNCAAFGAME,TRUE,Sports,KXNCAAFGAME-25DEC06UGAALA-UGA
KXUFCFIGHT-26JAN24GAEPIM,22974361,2,KXUFCFIGHT,TRUE,Sports,KXUFCFIGHT-26JAN24GAEPIM-GAE
KXNBAGAME-25OCT21HOUOKC,22969463,2,KXNBAGAME,TRUE,Sports,KXNBAGAME-25OCT21HOUOKC-HOU
KXNFLGAME-25NOV16KCDEN,22943195,2,KXNFLGAME,TRUE,Sports,KXNFLGAME-25NOV16KCDEN-DEN
KXBOXING-25SEP13CALVTCRA,22832330,2,KXBOXING,TRUE,Sports,KXBOXING-25SEP13CALVTCRA-CALV
KXNFLGAME-25SEP21DENLAC,22832003,2,KXNFLGAME,TRUE,Sports,KXNFLGAME-25SEP21DENLAC-LAC
KXNCAAMBGAME-26MAR27MSUCONN,22829757,2,KXNCAAMBGAME,TRUE,Sports,KXNCAAMBGAME-26MAR27MSUCONN-MSU
KXNCAAMBGAME-26MAR22USUARIZ,22782871,2,KXNCAAMBGAME,TRUE,Sports,KXNCAAMBGAME-26MAR22USUARIZ-USU
KXNFLGAME-25SEP14PHIKC,22776438,2,KXNFLGAME,TRUE,Sports,KXNFLGAME-25SEP14PHIKC-PHI
KXNBAGAME-26FEB11SASGSW,22771271,2,KXNBAGAME,TRUE,Sports,KXNBAGAME-26FEB11SASGSW-SAS
KXNFLGAME-25DEC07CINBUF,22768613,2,KXNFLGAME,TRUE,Sports,KXNFLGAME-25DEC07CINBUF-BUF
KXNCAAFGAME-25DEC30USCTCU,22680071,2,KXNCAAFGAME,TRUE,Sports,KXNCAAFGAME-25DEC30USCTCU-TCU
KXNFLGAME-25DEC14INDSEA,22637782,2,KXNFLGAME,TRUE,Sports,KXNFLGAME-25DEC14INDSEA-IND
KXNFLGAME-25SEP21LAPHI,22471954,2,KXNFLGAME,TRUE,Sports,KXNFLGAME-25SEP21LAPHI-PHI
KXNBACUP-25,22331218,2,KXNBACUP,TRUE,Sports,KXNBACUP-25-SAS
KXNCAAFGAME-25OCT17LOUMIA,22314585,2,KXNCAAFGAME,TRUE,Sports,KXNCAAFGAME-25OCT17LOUMIA-MIA
KXNFLGAME-25NOV09BUFMIA,22314504,2,KXNFLGAME,TRUE,Sports,KXNFLGAME-25NOV09BUFMIA-BUF
KXNCAAMBGAME-26MAR22TENNUVA,22267448,2,KXNCAAMBGAME,TRUE,Sports,KXNCAAMBGAME-26MAR22TENNUVA-UVA
KXNCAAFGAME-25NOV08INDPSU,22261928,2,KXNCAAFGAME,TRUE,Sports,KXNCAAFGAME-25NOV08INDPSU-IND
KXNCAAFGAME-25OCT18FSUSTAN,22183812,2,KXNCAAFGAME,TRUE,Sports,KXNCAAFGAME-25OCT18FSUSTAN-STAN
KXNFLGAME-25SEP11WASGB,22020570,2,KXNFLGAME,TRUE,Sports,KXNFLGAME-25SEP11WASGB-WAS
KXNCAAFGAME-25DEC27GTBYU,21989079,2,KXNCAAFGAME,TRUE,Sports,KXNCAAFGAME-25DEC27GTBYU-BYU
KXNCAAFGAME-25DEC31IOWAVAN,21984712,2,KXNCAAFGAME,TRUE,Sports,KXNCAAFGAME-25DEC31IOWAVAN-VAN
KXNFLGAME-25NOV13NYJNE,21968473,2,KXNFLGAME,TRUE,Sports,KXNFLGAME-25NOV13NYJNE-NYJ
KXPGATOUR-THPC26,21819829,2,KXPGATOUR,TRUE,Sports,KXPGATOUR-THPC26-LABE
KXNCAAMBGAME-26MAR21VANNEB,21813595,2,KXNCAAMBGAME,TRUE,Sports,KXNCAAMBGAME-26MAR21VANNEB-NEB
KXNBAGAME-26FEB09OKCLAL,21811321,2,KXNBAGAME,TRUE,Sports,KXNBAGAME-26FEB09OKCLAL-LAL
KXNBAGAME-25JUN05INDOKC,21793426,2,KXNBAGAME,TRUE,Sports,KXNBAGAME-25JUN05INDOKC-IND
KXNCAAFGAME-25DEC27LSUHOU,21682475,2,KXNCAAFGAME,TRUE,Sports,KXNCAAFGAME-25DEC27LSUHOU-LSU
KXNCAAMBGAME-26MAR19VCUUNC,21512693,2,KXNCAAMBGAME,TRUE,Sports,KXNCAAMBGAME-26MAR19VCUUNC-UNC
KXNFLGAME-25NOV02DENHOU,21504204,2,KXNFLGAME,TRUE,Sports,KXNFLGAME-25NOV02DENHOU-DEN
KXNFLGAME-25NOV02JACLV,21419112,2,KXNFLGAME,TRUE,Sports,KXNFLGAME-25NOV02JACLV-JAC
KXNCAAFGAME-25DEC26UNMMINN,21409865,2,KXNCAAFGAME,TRUE,Sports,KXNCAAFGAME-25DEC26UNMMINN-UNM
KXNCAAFGAME-25NOV14CLEMLOU,21378463,2,KXNCAAFGAME,TRUE,Sports,KXNCAAFGAME-25NOV14CLEMLOU-LOU
KXNBAGAME-25DEC25SASOKC,21194419,2,KXNBAGAME,TRUE,Sports,KXNBAGAME-25DEC25SASOKC-SAS
KXNFLGAME-25NOV16WASMIA,21009876,2,KXNFLGAME,TRUE,Sports,KXNFLGAME-25NOV16WASMIA-MIA
KXMARMAD-25R4G1,20931229,2,KXMARMAD,TRUE,Sports,KXMARMAD-25R4G1-FLA
KXNBAGAME-26MAR25HOUMIN,20908059,2,KXNBAGAME,TRUE,Sports,KXNBAGAME-26MAR25HOUMIN-HOU
KXPGATOUR-TOC25,20542100,2,KXPGATOUR,TRUE,Sports,KXPGATOUR-TOC25-SSCH
KXNFLGAME-25NOV17DALLV,20471090,2,KXNFLGAME,TRUE,Sports,KXNFLGAME-25NOV17DALLV-DAL
KXNCAAFGAME-25DEC27PITTECU,20360646,2,KXNCAAFGAME,TRUE,Sports,KXNCAAFGAME-25DEC27PITTECU-ECU
POPVOTEMOVSMALLER-24-R,20309805,2,POPVOTEMOVSMALLER,FALSE,Elections,POPVOTEMOVSMALLER-24-R-B1.3
KXPGATOUR-BC25,20259729,2,KXPGATOUR,TRUE,Sports,KXPGATOUR-BC25-SSCH
KXNBAGAME-26MAR09DENOKC,20255760,2,KXNBAGAME,TRUE,Sports,KXNBAGAME-26MAR09DENOKC-OKC
KXNBAGAME-25JUN16INDOKC,20169693,1,KXNBAGAME,TRUE,Sports,KXNBAGAME-25JUN16INDOKC-IND
KXMLBGAME-25OCT07TORNYY,20064460,2,KXMLBGAME,TRUE,Sports,KXMLBGAME-25OCT07TORNYY-TOR
KXNFLGAME-25NOV30BUFPIT,20034915,2,KXNFLGAME,TRUE,Sports,KXNFLGAME-25NOV30BUFPIT-BUF
PRESPARTYGA-24,20015705,2,PRESPARTYGA,FALSE,Politics,PRESPARTYGA-24-R
KXNBAGAME-26MAR22MINBOS,20010949,2,KXNBAGAME,TRUE,Sports,KXNBAGAME-26MAR22MINBOS-BOS
KXNBAGAME-26MAR12BOSOKC,19997927,2,KXNBAGAME,TRUE,Sports,KXNBAGAME-26MAR12BOSOKC-OKC
KXNCAAFGAME-25AUG31NDMIA,19982076,2,KXNCAAFGAME,TRUE,Sports,KXNCAAFGAME-25AUG31NDMIA-ND
KXNCAAFGAME-25OCT04ISUCIN,19960629,2,KXNCAAFGAME,TRUE,Sports,KXNCAAFGAME-25OCT04ISUCIN-ISU
KXNBAGAME-26MAR14DENLAL,19934767,2,KXNBAGAME,TRUE,Sports,KXNBAGAME-26MAR14DENLAL-LAL
KXNBAGAME-26APR12ORLBOS,19884087,2,KXNBAGAME,TRUE,Sports,KXNBAGAME-26APR12ORLBOS-BOS
KXNCAAFGAME-25DEC30TENNILL,19869281,2,KXNCAAFGAME,TRUE,Sports,KXNCAAFGAME-25DEC30TENNILL-TENN
KXAOMEN-26,19860580,2,KXAOMEN,TRUE,Sports,KXAOMEN-26-NDJO
KXNBAGAME-26FEB20LACLAL,19845184,2,KXNBAGAME,TRUE,Sports,KXNBAGAME-26FEB20LACLAL-LAC
KXNBAGAME-25DEC25CLENYK,19818487,2,KXNBAGAME,TRUE,Sports,KXNBAGAME-25DEC25CLENYK-NYK
KXNCAAFGAME-25SEP13CLEMGT,19811983,2,KXNCAAFGAME,TRUE,Sports,KXNCAAFGAME-25SEP13CLEMGT-CLEM
KXNCAAFGAME-25SEP27OREPSU,19793052,2,KXNCAAFGAME,TRUE,Sports,KXNCAAFGAME-25SEP27OREPSU-ORE
KXNBAGAME-26APR06PORDEN,19617412,2,KXNBAGAME,TRUE,Sports,KXNBAGAME-26APR06PORDEN-DEN
KXNBAGAME-26FEB10INDNYK,19543032,2,KXNBAGAME,TRUE,Sports,KXNBAGAME-26FEB10INDNYK-NYK
KXNCAAMBGAME-26FEB16HOUISU,19530061,2,KXNCAAMBGAME,TRUE,Sports,KXNCAAMBGAME-26FEB16HOUISU-HOU
KXNFLGAME-25OCT12SFTB,19488901,2,KXNFLGAME,TRUE,Sports,KXNFLGAME-25OCT12SFTB-SF
KXNCAAMBGAME-26MAR26TEXPUR,19448348,2,KXNCAAMBGAME,TRUE,Sports,KXNCAAMBGAME-26MAR26TEXPUR-TEX
KXNCAAFGAME-25NOV29ALAAUB,19267066,2,KXNCAAFGAME,TRUE,Sports,KXNCAAFGAME-25NOV29ALAAUB-ALA
KXMLBAL-25,19237313,2,KXMLBAL,TRUE,Sports,KXMLBAL-25-TOR
KXUFCFIGHT-26MAR07HOLOLI,19226985,2,KXUFCFIGHT,TRUE,Sports,KXUFCFIGHT-26MAR07HOLOLI-OLI
KXNBAGAME-26MAR14SACLAC,19223252,2,KXNBAGAME,TRUE,Sports,KXNBAGAME-26MAR14SACLAC-LAC
KXNCAAMBGAME-26MAR28IOWAILL,19173277,2,KXNCAAMBGAME,TRUE,Sports,KXNCAAMBGAME-26MAR28IOWAILL-IOWA
KXNCAAMBGAME-26MAR20USUVILL,19147174,2,KXNCAAMBGAME,TRUE,Sports,KXNCAAMBGAME-26MAR20USUVILL-VILL
KXNFLGAME-25NOV24CARSF,19052381,2,KXNFLGAME,TRUE,Sports,KXNFLGAME-25NOV24CARSF-CAR
KXNBAGAME-26APR05HOUGSW,18954246,2,KXNBAGAME,TRUE,Sports,KXNBAGAME-26APR05HOUGSW-HOU
KXNCAAMBGAME-26MAR22SJUKU,18946811,2,KXNCAAMBGAME,TRUE,Sports,KXNCAAMBGAME-26MAR22SJUKU-KU
KXNFLGAME-25SEP28CHILV,18882246,2,KXNFLGAME,TRUE,Sports,KXNFLGAME-25SEP28CHILV-CHI
KXNBAGAME-25MAY25NYKIND,18789892,2,KXNBAGAME,TRUE,Sports,KXNBAGAME-25MAY25NYKIND-NYK
KXNFLGAME-25DEC21JACDEN,18746692,2,KXNFLGAME,TRUE,Sports,KXNFLGAME-25DEC21JACDEN-DEN
KXNFLGAME-25NOV16SEALA,18726991,2,KXNFLGAME,TRUE,Sports,KXNFLGAME-25NOV16SEALA-SEA
KXNFLGAME-25SEP28JACSF,18662670,2,KXNFLGAME,TRUE,Sports,KXNFLGAME-25SEP28JACSF-SF
KXNBAGAME-26APR09LALGSW,18637151,2,KXNBAGAME,TRUE,Sports,KXNBAGAME-26APR09LALGSW-LAL
KXNBAGAME-26MAR30DETOKC,18587114,2,KXNBAGAME,TRUE,Sports,KXNBAGAME-26MAR30DETOKC-DET
KXNBAGAME-26APR04SASDEN,18540772,2,KXNBAGAME,TRUE,Sports,KXNBAGAME-26APR04SASDEN-SAS
KXMLBGAME-25OCT31LADTOR,18534184,2,KXMLBGAME,TRUE,Sports,KXMLBGAME-25OCT31LADTOR-LAD
KXWOHOCKEY-MEN26CGOLD,18531319,2,KXWOHOCKEY,TRUE,Sports,KXWOHOCKEY-MEN26CGOLD-USA
KXNFLGAME-25OCT12DENNYJ,18512980,2,KXNFLGAME,TRUE,Sports,KXNFLGAME-25OCT12DENNYJ-NYJ
KXNBASERIES-25DENOKC,18490934,1,KXNBASERIES,TRUE,Sports,KXNBASERIES-25DENOKC-DEN
KXNCAAFGAME-25OCT25MISSOKLA,18458366,2,KXNCAAFGAME,TRUE,Sports,KXNCAAFGAME-25OCT25MISSOKLA-MISS
KXNBAGAME-25DEC12MINGSW,18365424,2,KXNBAGAME,TRUE,Sports,KXNBAGAME-25DEC12MINGSW-GSW
KXNBAGAME-26JAN05GSWLAC,18358725,2,KXNBAGAME,TRUE,Sports,KXNBAGAME-26JAN05GSWLAC-GSW
KXNFLGAME-25SEP07SFSEA,18335601,2,KXNFLGAME,TRUE,Sports,KXNFLGAME-25SEP07SFSEA-SF
KXNCAAFGAME-25SEP27BYUCOLO,18333386,2,KXNCAAFGAME,TRUE,Sports,KXNCAAFGAME-25SEP27BYUCOLO-BYU
KXNBASERIES-25NYKBOS,18270828,2,KXNBASERIES,TRUE,Sports,KXNBASERIES-25NYKBOS-NYK
KXNFLGAME-25NOV09JACHOU,18263724,2,KXNFLGAME,TRUE,Sports,KXNFLGAME-25NOV09JACHOU-HOU
KXNFLGAME-25DEC14GBDEN,18251650,2,KXNFLGAME,TRUE,Sports,KXNFLGAME-25DEC14GBDEN-DEN
KXNBAGAME-26MAR29GSWDEN,18194333,2,KXNBAGAME,TRUE,Sports,KXNBAGAME-26MAR29GSWDEN-GSW
KXNBAGAME-26FEB05PHILAL,17973973,2,KXNBAGAME,TRUE,Sports,KXNBAGAME-26FEB05PHILAL-LAL
KXNCAAMBGAME-26MAR22UKISU,17964503,2,KXNCAAMBGAME,TRUE,Sports,KXNCAAMBGAME-26MAR22UKISU-ISU
KXNCAAFGAME-25OCT24CALVT,17947997,2,KXNCAAFGAME,TRUE,Sports,KXNCAAFGAME-25OCT24CALVT-CAL
KXGOVSHUTLENGTH-26FEB28,17927841,1,KXGOVSHUTLENGTH,FALSE,Politics,KXGOVSHUTLENGTH-26FEB28-4D
KXNCAAFGAME-25OCT04PSUUCLA,17869311,2,KXNCAAFGAME,TRUE,Sports,KXNCAAFGAME-25OCT04PSUUCLA-UCLA
KXPGATOUR-ATPBP26,17825688,2,KXPGATOUR,TRUE,Sports,KXPGATOUR-ATPBP26-SSCH
KXNFLGAME-25OCT05WASLAC,17732488,2,KXNFLGAME,TRUE,Sports,KXNFLGAME-25OCT05WASLAC-LAC
KXNCAAMBGAME-26MAR27TENNISU,17701913,2,KXNCAAMBGAME,TRUE,Sports,KXNCAAMBGAME-26MAR27TENNISU-ISU
KXNBAGAME-25OCT23DENGSW,17674013,2,KXNBAGAME,TRUE,Sports,KXNBAGAME-25OCT23DENGSW-GSW
PRESPARTYFULL-24-REC,17669722,2,PRESPARTYFULL,FALSE,Politics,PRESPARTYFULL-24-REC-RPV
KXNCAAFGAME-25DEC31MICHTEX,17575487,2,KXNCAAFGAME,TRUE,Sports,KXNCAAFGAME-25DEC31MICHTEX-TEX
KXNCAAFGAME-25OCT04DUKECAL,17473648,2,KXNCAAFGAME,TRUE,Sports,KXNCAAFGAME-25OCT04DUKECAL-CAL
KXNCAAMBGAME-26MAR19HOWMICH,17443177,1,KXNCAAMBGAME,TRUE,Sports,KXNCAAMBGAME-26MAR19HOWMICH-HOW
KXNCAAFGAME-26JAN02WAKEMSST,17442773,2,KXNCAAFGAME,TRUE,Sports,KXNCAAFGAME-26JAN02WAKEMSST-WAKE
KXNCAAFGAME-25OCT11BYUARIZ,17420360,2,KXNCAAFGAME,TRUE,Sports,KXNCAAFGAME-25OCT11BYUARIZ-BYU
KXNFLGAME-25SEP28BALKC,17370482,2,KXNFLGAME,TRUE,Sports,KXNFLGAME-25SEP28BALKC-KC
KXNCAAFGAME-25SEP19IOWARUTG,17327687,2,KXNCAAFGAME,TRUE,Sports,KXNCAAFGAME-25SEP19IOWARUTG-IOWA
KXNBAGAME-26MAR18LALHOU,17318992,2,KXNBAGAME,TRUE,Sports,KXNBAGAME-26MAR18LALHOU-LAL
KXNCAAFGAME-25OCT11ALAMIZZ,17280826,2,KXNCAAFGAME,TRUE,Sports,KXNCAAFGAME-25OCT11ALAMIZZ-ALA
KXNFLGAME-25DEC20PHIWAS,17234501,2,KXNFLGAME,TRUE,Sports,KXNFLGAME-25DEC20PHIWAS-PHI
KXNFLGAME-25NOV23NYGDET,17200204,2,KXNFLGAME,TRUE,Sports,KXNFLGAME-25NOV23NYGDET-DET
KXNCAAFGAME-25SEP19TLSAOKST,17116755,2,KXNCAAFGAME,TRUE,Sports,KXNCAAFGAME-25SEP19TLSAOKST-OKST
KXNBAGAME-25JUN08INDOKC,17108169,1,KXNBAGAME,TRUE,Sports,KXNBAGAME-25JUN08INDOKC-IND
PRESPARTYPA-24,17082688,2,PRESPARTYPA,FALSE,Politics,PRESPARTYPA-24-R
KXNFLGAME-26JAN04DETCHI,17077516,2,KXNFLGAME,TRUE,Sports,KXNFLGAME-26JAN04DETCHI-CHI
KXNBASERIES-25GSWHOU,17006236,2,KXNBASERIES,TRUE,Sports,KXNBASERIES-25GSWHOU-GSW
KXNBAGAME-26FEB23SASDET,16983602,2,KXNBAGAME,TRUE,Sports,KXNBAGAME-26FEB23SASDET-SAS
KXNFLGAME-25OCT30BALMIA,16946710,2,KXNFLGAME,TRUE,Sports,KXNFLGAME-25OCT30BALMIA-MIA
KXNCAAMBGAME-26MAR19TCUOSU,16925789,2,KXNCAAMBGAME,TRUE,Sports,KXNCAAMBGAME-26MAR19TCUOSU-OSU
KXNBAEAST-25,16919333,2,KXNBAEAST,TRUE,Sports,KXNBAEAST-25-IND
KXNCAAMBGAME-26MAR20MIZZMIA,16906966,2,KXNCAAMBGAME,TRUE,Sports,KXNCAAMBGAME-26MAR20MIZZMIA-MIA
KXNFLGAME-25OCT19GBARI,16882195,2,KXNFLGAME,TRUE,Sports,KXNFLGAME-25OCT19GBARI-GB
KXNBAGAME-26FEB21ORLPHX,16742277,2,KXNBAGAME,TRUE,Sports,KXNBAGAME-26FEB21ORLPHX-ORL
KXGOVSHUTLENGTH-26JAN01,16708954,1,KXGOVSHUTLENGTH,FALSE,Politics,KXGOVSHUTLENGTH-26JAN01-43D
KXNCAAFGAME-25OCT18MISSUGA,16570640,2,KXNCAAFGAME,TRUE,Sports,KXNCAAFGAME-25OCT18MISSUGA-MISS
KXNBAGAME-26FEB19DENLAC,16508450,2,KXNBAGAME,TRUE,Sports,KXNBAGAME-26FEB19DENLAC-DEN
KXNFLGAME-25OCT12CINGB,16459066,1,KXNFLGAME,TRUE,Sports,KXNFLGAME-25OCT12CINGB-CIN
KXNBAGAME-26FEB22CLEOKC,16439061,2,KXNBAGAME,TRUE,Sports,KXNBAGAME-26FEB22CLEOKC-CLE
KXNBAGAME-26FEB04DENNYK,16428302,2,KXNBAGAME,TRUE,Sports,KXNBAGAME-26FEB04DENNYK-DEN
KXATPMATCH-26JAN26MUSDJO,16419319,2,KXATPMATCH,TRUE,Sports,KXATPMATCH-26JAN26MUSDJO-MUS
KXNBAGAME-26FEB22ORLLAC,16316332,2,KXNBAGAME,TRUE,Sports,KXNBAGAME-26FEB22ORLLAC-ORL
KXNBAGAME-25DEC09MIAORL,16254801,2,KXNBAGAME,TRUE,Sports,KXNBAGAME-25DEC09MIAORL-MIA
KXNFLGAME-25SEP21ARISF,16134515,2,KXNFLGAME,TRUE,Sports,KXNFLGAME-25SEP21ARISF-SF
KXNCAAMBGAME-26MAR21TEXGONZ,16088674,2,KXNCAAMBGAME,TRUE,Sports,KXNCAAMBGAME-26MAR21TEXGONZ-GONZ
KXNCAAFGAME-25DEC06BYUTTU,16073448,2,KXNCAAFGAME,TRUE,Sports,KXNCAAFGAME-25DEC06BYUTTU-BYU
KXNCAAMBGAME-26MAR20IOWACLEM,16045661,2,KXNCAAMBGAME,TRUE,Sports,KXNCAAMBGAME-26MAR20IOWACLEM-IOWA
KXNFLGAME-25NOV30LACAR,16044900,2,KXNFLGAME,TRUE,Sports,KXNFLGAME-25NOV30LACAR-CAR
KXNBAGAME-26JAN30DETGSW,15959582,2,KXNBAGAME,TRUE,Sports,KXNBAGAME-26JAN30DETGSW-DET
KXNBAGAME-26APR09BOSNYK,15945339,2,KXNBAGAME,TRUE,Sports,KXNBAGAME-26APR09BOSNYK-NYK
KXNCAAMBGAME-26MAR22MIAPUR,15931426,2,KXNCAAMBGAME,TRUE,Sports,KXNCAAMBGAME-26MAR22MIAPUR-MIA
KXNFLGAME-25SEP07PITNYJ,15834199,2,KXNFLGAME,TRUE,Sports,KXNFLGAME-25SEP07PITNYJ-PIT
KXNBAGAME-26MAR16SASLAC,15795731,2,KXNBAGAME,TRUE,Sports,KXNBAGAME-26MAR16SASLAC-SAS
KXNBAGAME-25MAY31NYKIND,15744487,2,KXNBAGAME,TRUE,Sports,KXNBAGAME-25MAY31NYKIND-IND
GOVPARTYNJ-25,15632529,1,GOVPARTYNJ,FALSE,Politics,GOVPARTYNJ-25-R
KXNFLGAME-25SEP28INDLA,15587455,2,KXNFLGAME,TRUE,Sports,KXNFLGAME-25SEP28INDLA-IND
KXNCAAFGAME-25AUG30LSUCLEM,15510791,2,KXNCAAFGAME,TRUE,Sports,KXNCAAFGAME-25AUG30LSUCLEM-LSU
KXNBAGAME-25MAY26OKCMIN,15462155,2,KXNBAGAME,TRUE,Sports,KXNBAGAME-25MAY26OKCMIN-MIN
KXNBAGAME-25NOV17CHIDEN,15456752,2,KXNBAGAME,TRUE,Sports,KXNBAGAME-25NOV17CHIDEN-DEN
KXNBAGAME-26MAR04OKCNYK,15371191,2,KXNBAGAME,TRUE,Sports,KXNBAGAME-26MAR04OKCNYK-NYK
KXNFLGAME-25SEP21DALCHI,15314091,1,KXNFLGAME,TRUE,Sports,KXNFLGAME-25SEP21DALCHI-DAL
KXNFLGAME-25OCT26CHIBAL,15257454,1,KXNFLGAME,TRUE,Sports,KXNFLGAME-25OCT26CHIBAL-CHI
KXMAYORNYCNOMD-25,15205658,2,KXMAYORNYCNOMD,FALSE,Politics,KXMAYORNYCNOMD-25-ZM
KXNBAGAME-26JAN16MINHOU,15199081,2,KXNBAGAME,TRUE,Sports,KXNBAGAME-26JAN16MINHOU-HOU
KXNFLGAME-25NOV09NYGCHI,15147200,2,KXNFLGAME,TRUE,Sports,KXNFLGAME-25NOV09NYGCHI-CHI
KXNBAGAME-25OCT23OKCIND,15100863,2,KXNBAGAME,TRUE,Sports,KXNBAGAME-25OCT23OKCIND-OKC
KXNFLGAME-25SEP07HOULA,15034657,2,KXNFLGAME,TRUE,Sports,KXNFLGAME-25SEP07HOULA-HOU
KXNFLGAME-25OCT05MIACAR,14961414,2,KXNFLGAME,TRUE,Sports,KXNFLGAME-25OCT05MIACAR-CAR
KXNCAAMBGAME-26MAR17TEXNCST,14931710,2,KXNCAAMBGAME,TRUE,Sports,KXNCAAMBGAME-26MAR17TEXNCST-NCST
KXNBAGAME-26MAR08CHAPHX,14929365,2,KXNBAGAME,TRUE,Sports,KXNBAGAME-26MAR08CHAPHX-PHX
KXMLBGAME-25OCT15TORSEA,14883669,2,KXMLBGAME,TRUE,Sports,KXMLBGAME-25OCT15TORSEA-SEA
KXMLBGAME-25OCT29TORLAD,14774445,2,KXMLBGAME,TRUE,Sports,KXMLBGAME-25OCT29TORLAD-LAD
KXNBAGAME-26FEB25BOSDEN,14750392,2,KXNBAGAME,TRUE,Sports,KXNBAGAME-26FEB25BOSDEN-BOS
KXNBAGAME-26MAR05GSWHOU,14624545,2,KXNBAGAME,TRUE,Sports,KXNBAGAME-26MAR05GSWHOU-HOU
KXNBAGAME-26FEB26MINLAC,14590847,2,KXNBAGAME,TRUE,Sports,KXNBAGAME-26FEB26MINLAC-LAC
KXWBCGAME-26MAR152000USADOM,14526653,2,KXWBCGAME,FALSE,Sports,KXWBCGAME-26MAR152000USADOM-USA
KXALIENS,14454753,1,KXALIENS,FALSE,Science and Technology,KXALIENS-27
KXNFLGAME-25DEC21BUFCLE,14413389,2,KXNFLGAME,TRUE,Sports,KXNFLGAME-25DEC21BUFCLE-BUF
KXNFLGAME-25OCT19INDLAC,14320077,2,KXNFLGAME,TRUE,Sports,KXNFLGAME-25OCT19INDLAC-IND
KXNCAAFGAME-25SEP20TTUUTAH,14275103,2,KXNCAAFGAME,TRUE,Sports,KXNCAAFGAME-25SEP20TTUUTAH-TTU
KXNBAGAME-25OCT21GSWLAL,13953565,2,KXNBAGAME,TRUE,Sports,KXNBAGAME-25OCT21GSWLAL-GSW
KXNFLGAME-25NOV23TBLA,13816999,1,KXNFLGAME,TRUE,Sports,KXNFLGAME-25NOV23TBLA-TB
KXNFLSPREAD-26FEB08SEANE,13772209,1,KXNFLSPREAD,TRUE,Sports,KXNFLSPREAD-26FEB08SEANE-SEA4
KXNFLGAME-25SEP29CINDEN,13331202,1,KXNFLGAME,TRUE,Sports,KXNFLGAME-25SEP29CINDEN-CIN
KXNFLGAME-25OCT26DALDEN,13036779,1,KXNFLGAME,TRUE,Sports,KXNFLGAME-25OCT26DALDEN-DAL
KXNBAGAME-26MAR02LACGSW,12543032,1,KXNBAGAME,TRUE,Sports,KXNBAGAME-26MAR02LACGSW-LAC
KXNCAAMBGAME-26MAR21HPARK,12542695,1,KXNCAAMBGAME,TRUE,Sports,KXNCAAMBGAME-26MAR21HPARK-HP
KXNFLGAME-25DEC15MIAPIT,12464743,1,KXNFLGAME,TRUE,Sports,KXNFLGAME-25DEC15MIAPIT-MIA
KXNCAAFGAME-25OCT04TEXFLA,12347294,1,KXNCAAFGAME,TRUE,Sports,KXNCAAFGAME-25OCT04TEXFLA-TEX
KXNCAAFGAME-25OCT11OKLATEX,12342866,1,KXNCAAFGAME,TRUE,Sports,KXNCAAFGAME-25OCT11OKLATEX-OKLA
KXNCAAFGAME-25NOV15OKLAALA,12264042,1,KXNCAAFGAME,TRUE,Sports,KXNCAAFGAME-25NOV15OKLAALA-ALA
KXNFLGAME-26JAN04SEASF,12148488,1,KXNFLGAME,TRUE,Sports,KXNFLGAME-26JAN04SEASF-SF
KXNFLGAME-25NOV09LASF,11902363,1,KXNFLGAME,TRUE,Sports,KXNFLGAME-25NOV09LASF-SF
KXNCAAMBGAME-26MAR19PENNILL,11873712,1,KXNCAAMBGAME,TRUE,Sports,KXNCAAMBGAME-26MAR19PENNILL-PENN
KXNFLGAME-25OCT26SFHOU,11704672,1,KXNFLGAME,TRUE,Sports,KXNFLGAME-25OCT26SFHOU-SF
KXNBAGAME-26JAN05DENPHI,11539340,1,KXNBAGAME,TRUE,Sports,KXNBAGAME-26JAN05DENPHI-DEN
KXNFLGAME-26JAN04LACDEN,11533262,1,KXNFLGAME,TRUE,Sports,KXNFLGAME-26JAN04LACDEN-LAC
KXNBAGAME-26JAN22LALLAC,11524742,1,KXNBAGAME,TRUE,Sports,KXNBAGAME-26JAN22LALLAC-LAL
KXNBAGAME-26APR07HOUPHX,11328474,1,KXNBAGAME,TRUE,Sports,KXNBAGAME-26APR07HOUPHX-HOU
KXNCAAFGAME-25OCT17UNCCAL,11300680,1,KXNCAAFGAME,TRUE,Sports,KXNCAAFGAME-25OCT17UNCCAL-UNC
KXNBAGAME-26APR08PORSAS,11222216,1,KXNBAGAME,TRUE,Sports,KXNBAGAME-26APR08PORSAS-SAS
KXNBAGAME-26APR12DENSAS,11133663,1,KXNBAGAME,TRUE,Sports,KXNBAGAME-26APR12DENSAS-DEN
KXNBAGAME-26APR02LALOKC,11086796,1,KXNBAGAME,TRUE,Sports,KXNBAGAME-26APR02LALOKC-LAL
KXMLBGAME-25OCT24LADTOR,11038160,1,KXMLBGAME,TRUE,Sports,KXMLBGAME-25OCT24LADTOR-LAD
KXNCAAFGAME-25OCT11UGAAUB,11002524,1,KXNCAAFGAME,TRUE,Sports,KXNCAAFGAME-25OCT11UGAAUB-UGA
KXSECHHS-26DEC31,10941800,1,KXSECHHS,FALSE,Politics,KXSECHHS-26DEC31-RFK
KXNBAGAME-25MAY29INDNYK,10884622,1,KXNBAGAME,TRUE,Sports,KXNBAGAME-25MAY29INDNYK-IND
KXNCAAFGAME-25DEC13ARMYNAVY,10882548,1,KXNCAAFGAME,TRUE,Sports,KXNCAAFGAME-25DEC13ARMYNAVY-NAVY
KXNFLGAME-25OCT19PHIMIN,10850697,1,KXNFLGAME,TRUE,Sports,KXNFLGAME-25OCT19PHIMIN-PHI
KXBTCMAXY-25-DEC31,10844274,1,KXBTCMAXY,FALSE,Crypto,KXBTCMAXY-25-DEC31-129999.99
KXNCAAFGAME-25SEP27LSUMISS,10777228,1,KXNCAAFGAME,TRUE,Sports,KXNCAAFGAME-25SEP27LSUMISS-LSU
KXNBAGAME-26APR14PORPHX,10762133,1,KXNBAGAME,TRUE,Sports,KXNBAGAME-26APR14PORPHX-PHX
KXNBAGAME-26MAR16LALHOU,10755129,1,KXNBAGAME,TRUE,Sports,KXNBAGAME-26MAR16LALHOU-LAL
KXNBAGAME-26FEB25OKCDET,10602586,1,KXNBAGAME,TRUE,Sports,KXNBAGAME-26FEB25OKCDET-OKC
ECMOV-24-R-B35,10570947,1,ECMOV,FALSE,Elections,ECMOV-24-R-B35-64
KXNCAAFSPREAD-26JAN19MIAIND,10528042,1,KXNCAAFSPREAD,TRUE,Sports,KXNCAAFSPREAD-26JAN19MIAIND-IND7
KXNCAAFGAME-25NOV01UGAFLA,10527896,1,KXNCAAFGAME,TRUE,Sports,KXNCAAFGAME-25NOV01UGAFLA-UGA
KXNCAAMBGAME-26MAR18MOHSMU,10470448,1,KXNCAAMBGAME,TRUE,Sports,KXNCAAMBGAME-26MAR18MOHSMU-MOH
KXNCAAMBGAME-26MAR19KENNGONZ,10468633,1,KXNCAAMBGAME,TRUE,Sports,KXNCAAMBGAME-26MAR19KENNGONZ-KENN
KXMARMAD-25R8G2,10448689,1,KXMARMAD,TRUE,Sports,KXMARMAD-25R8G2-FLA
ECMOV-24-R-B65,10373133,1,ECMOV,FALSE,Elections,ECMOV-24-R-B65-104
KXNOBELPEACE-25,10211607,1,KXNOBELPEACE,FALSE,Entertainment,KXNOBELPEACE-25-DJT
KXNBAGAME-26JAN23DENMIL,10210883,1,KXNBAGAME,TRUE,Sports,KXNBAGAME-26JAN23DENMIL-DEN
KXNCAAMBGAME-26MAR20WRSTUVA,10173567,1,KXNCAAMBGAME,TRUE,Sports,KXNCAAMBGAME-26MAR20WRSTUVA-WRST
KXTRUMPOUT-26,10169381,1,KXTRUMPOUT,FALSE,Politics,KXTRUMPOUT-26-TRUMP
KXSECAG-26DEC31,10117556,1,KXSECAG,FALSE,Politics,KXSECAG-26DEC31-MG
KXTOPARTIST-25,10085320,1,KXTOPARTIST,FALSE,Entertainment,KXTOPARTIST-25-TS
KXNBAGAME-26MAR03NOPLAL,10017805,1,KXNBAGAME,TRUE,Sports,KXNBAGAME-26MAR03NOPLAL-LAL
KXBTC2025100-25DEC31,10016515,1,KXBTC2025100,FALSE,Crypto,KXBTC2025100-25DEC31-100000
KXNCAAMBGAME-26MAR19TEXBYU,10006915,1,KXNCAAMBGAME,TRUE,Sports,KXNCAAMBGAME-26MAR19TEXBYU-BYU
KXNFLGAME-25DEC14DETLA,9958206,1,KXNFLGAME,TRUE,Sports,KXNFLGAME-25DEC14DETLA-DET
KXNFLGAME-25OCT12DALCAR,9869356,1,KXNFLGAME,TRUE,Sports,KXNFLGAME-25OCT12DALCAR-DAL
KXMLBGAME-25OCT01CINLAD,9852329,1,KXMLBGAME,TRUE,Sports,KXMLBGAME-25OCT01CINLAD-LAD
KXNCAAFGAME-25NOV07HOUUCF,9821994,1,KXNCAAFGAME,TRUE,Sports,KXNCAAFGAME-25NOV07HOUUCF-HOU
KXNCAAMBGAME-26MAR21TCUDUKE,9794134,1,KXNCAAMBGAME,TRUE,Sports,KXNCAAMBGAME-26MAR21TCUDUKE-TCU
KXNBAGAME-25DEC25HOULAL,9755447,1,KXNBAGAME,TRUE,Sports,KXNBAGAME-25DEC25HOULAL-LAL
KXNCAAFGAME-25SEP20SYRCLEM,9599030,1,KXNCAAFGAME,TRUE,Sports,KXNCAAFGAME-25SEP20SYRCLEM-SYR
KXRANKLISTGOOGLESEARCH-26JAN,9584011,1,KXRANKLISTGOOGLESEARCH,FALSE,Entertainment,KXRANKLISTGOOGLESEARCH-26JAN-DON
KXTHEOPEN-25,9576699,1,KXTHEOPEN,TRUE,Sports,KXTHEOPEN-25-SS
KXNBAGAME-25NOV05SASLAL,9464298,1,KXNBAGAME,TRUE,Sports,KXNBAGAME-25NOV05SASLAL-LAL
KXNCAAFGAME-25NOV22PITTGT,9444944,1,KXNCAAFGAME,TRUE,Sports,KXNCAAFGAME-25NOV22PITTGT-GT
KXNBAGAME-26FEB22DENGSW,9385200,1,KXNBAGAME,TRUE,Sports,KXNBAGAME-26FEB22DENGSW-DEN
KXNFLGAME-25OCT26TBNO,9384654,1,KXNFLGAME,TRUE,Sports,KXNFLGAME-25OCT26TBNO-TB
KXNBAGAME-26JAN15CHALAL,9318173,1,KXNBAGAME,TRUE,Sports,KXNBAGAME-26JAN15CHALAL-LAL
KXNBAGAME-25NOV26DETBOS,9287810,1,KXNBAGAME,TRUE,Sports,KXNBAGAME-25NOV26DETBOS-DET
KXNBAGAME-26MAR19LALMIA,9283432,1,KXNBAGAME,TRUE,Sports,KXNBAGAME-26MAR19LALMIA-LAL
KXNBAGAME-26MAR06LACSAS,9260747,1,KXNBAGAME,TRUE,Sports,KXNBAGAME-26MAR06LACSAS-SAS
KXNBAGAME-26MAR21LALORL,9228355,1,KXNBAGAME,TRUE,Sports,KXNBAGAME-26MAR21LALORL-LAL
KXNBAGAME-26MAR01SASNYK,9170881,1,KXNBAGAME,TRUE,Sports,KXNBAGAME-26MAR01SASNYK-SAS
KXNBAGAME-25DEC20LALLAC,9126696,1,KXNBAGAME,TRUE,Sports,KXNBAGAME-25DEC20LALLAC-LAL
KXNCAAMBGAME-26MAR20MOHTENN,9109073,1,KXNCAAMBGAME,TRUE,Sports,KXNCAAMBGAME-26MAR20MOHTENN-MOH
KXUCLGAME-26MAR17MCIRMA,9106145,1,KXUCLGAME,TRUE,Sports,KXUCLGAME-26MAR17MCIRMA-RMA
KXNBA-26,9099628,1,KXNBA,TRUE,Sports,KXNBA-26-SAS
KXNBAGAME-25DEC19OKCMIN,9067632,1,KXNBAGAME,TRUE,Sports,KXNBAGAME-25DEC19OKCMIN-OKC
KXNBAGAME-26MAR25ATLDET,9026252,1,KXNBAGAME,TRUE,Sports,KXNBAGAME-26MAR25ATLDET-DET
KXNBAGAME-25DEC21HOUSAC,9024136,1,KXNBAGAME,TRUE,Sports,KXNBAGAME-25DEC21HOUSAC-SAC
KXNCAAFGAME-25NOV29OSUMICH,9022883,1,KXNCAAFGAME,TRUE,Sports,KXNCAAFGAME-25NOV29OSUMICH-MICH
KXNBAGAME-25MAY27NYKIND,9013420,1,KXNBAGAME,TRUE,Sports,KXNBAGAME-25MAY27NYKIND-NYK
KXNFLGAME-25SEP21GBCLE,9003395,1,KXNFLGAME,TRUE,Sports,KXNFLGAME-25SEP21GBCLE-GB
KXNBAGAME-26FEB22BOSLAL,8987011,1,KXNBAGAME,TRUE,Sports,KXNBAGAME-26FEB22BOSLAL-LAL
KXMLBGAME-25OCT28TORLAD,8980262,1,KXMLBGAME,TRUE,Sports,KXMLBGAME-25OCT28TORLAD-LAD
KXNFLGAME-25OCT05DALNYJ,8979278,1,KXNFLGAME,TRUE,Sports,KXNFLGAME-25OCT05DALNYJ-DAL
KXNCAAFGAME-25NOV08BYUTTU,8958265,1,KXNCAAFGAME,TRUE,Sports,KXNCAAFGAME-25NOV08BYUTTU-BYU
KXNBAGAME-26JAN07UTAOKC,8953351,1,KXNBAGAME,TRUE,Sports,KXNBAGAME-26JAN07UTAOKC-UTA
KXNBAGAME-26JAN01UTALAC,8924179,1,KXNBAGAME,TRUE,Sports,KXNBAGAME-26JAN01UTALAC-UTA
KXNCAAFGAME-25OCT25ALASCAR,8918337,1,KXNCAAFGAME,TRUE,Sports,KXNCAAFGAME-25OCT25ALASCAR-ALA
KXNBAGAME-26FEB26LALPHX,8917232,1,KXNBAGAME,TRUE,Sports,KXNBAGAME-26FEB26LALPHX-LAL
KXNBAGAME-26JAN07LALSAS,8895569,1,KXNBAGAME,TRUE,Sports,KXNBAGAME-26JAN07LALSAS-LAL
KXNCAAFGAME-25DEC20TULNMISS,8888410,1,KXNCAAFGAME,TRUE,Sports,KXNCAAFGAME-25DEC20TULNMISS-TULN
KXNCAAMBGAME-26MAR20FURCONN,8881592,1,KXNCAAMBGAME,TRUE,Sports,KXNCAAMBGAME-26MAR20FURCONN-FUR
KXNFLGAME-25OCT05NYGNO,8865041,1,KXNFLGAME,TRUE,Sports,KXNFLGAME-25OCT05NYGNO-NYG
KXATPMATCH-26JAN29DJOSIN,8837057,1,KXATPMATCH,TRUE,Sports,KXATPMATCH-26JAN29DJOSIN-DJO
KXT20WORLDCUP-26,8817380,1,KXT20WORLDCUP,TRUE,Sports,KXT20WORLDCUP-26-NZ
KXNCAAFGAME-25AUG30TEXOSU,8817093,1,KXNCAAFGAME,TRUE,Sports,KXNCAAFGAME-25AUG30TEXOSU-TEX
KXNFLGAME-25NOV02CHICIN,8808306,1,KXNFLGAME,TRUE,Sports,KXNFLGAME-25NOV02CHICIN-CIN
KXNFLGAME-25SEP28PHITB,8785853,1,KXNFLGAME,TRUE,Sports,KXNFLGAME-25SEP28PHITB-TB
KXNCAAMBGAME-26MAR21LOUMSU,8778270,1,KXNCAAMBGAME,TRUE,Sports,KXNCAAMBGAME-26MAR21LOUMSU-MSU
KXNFLGAME-25NOV23JACARI,8758673,1,KXNFLGAME,TRUE,Sports,KXNFLGAME-25NOV23JACARI-JAC
KXNFLSPREAD-26JAN25NEDEN,8732645,1,KXNFLSPREAD,TRUE,Sports,KXNFLSPREAD-26JAN25NEDEN-NE3
KXNBAGAME-26MAR30PHIMIA,8695417,1,KXNBAGAME,TRUE,Sports,KXNBAGAME-26MAR30PHIMIA-PHI
KXNCAAFGAME-25OCT04VANALA,8672497,1,KXNCAAFGAME,TRUE,Sports,KXNCAAFGAME-25OCT04VANALA-VAN
KXNBAGAME-26APR07CHABOS,8670333,1,KXNBAGAME,TRUE,Sports,KXNBAGAME-26APR07CHABOS-BOS
KXNCAAFGAME-25DEC27PSUCLEM,8658915,1,KXNCAAFGAME,TRUE,Sports,KXNCAAFGAME-25DEC27PSUCLEM-CLEM
KXNBAGAME-25OCT28PHIWAS,8658478,1,KXNBAGAME,TRUE,Sports,KXNBAGAME-25OCT28PHIWAS-PHI
KXNBAGAME-26APR08ATLCLE,8651923,1,KXNBAGAME,TRUE,Sports,KXNBAGAME-26APR08ATLCLE-CLE
KXNBAGAME-26MAR05LALDEN,8626681,1,KXNBAGAME,TRUE,Sports,KXNBAGAME-26MAR05LALDEN-LAL
KXNCAAFGAME-25SEP13TXAMND,8624228,1,KXNCAAFGAME,TRUE,Sports,KXNCAAFGAME-25SEP13TXAMND-TXAM
KXNCAAFGAME-25DEC23WKUUSM,8622786,1,KXNCAAFGAME,TRUE,Sports,KXNCAAFGAME-25DEC23WKUUSM-WKU
KXNFLGAME-25OCT05TENARI,8608846,1,KXNFLGAME,TRUE,Sports,KXNFLGAME-25OCT05TENARI-TEN
KXNCAAFGAME-25OCT03WVUBYU,8591595,1,KXNCAAFGAME,TRUE,Sports,KXNCAAFGAME-25OCT03WVUBYU-WVU
POWER-24-RH-RS,8584606,1,POWER,FALSE,Politics,POWER-24-RH-RS-RP
KXMLBGAME-25OCT08MILCHC,8579522,1,KXMLBGAME,TRUE,Sports,KXMLBGAME-25OCT08MILCHC-MIL
KXSECDEF-26DEC31,8545836,1,KXSECDEF,FALSE,Politics,KXSECDEF-26DEC31-PH
KXNBAGAME-26MAR09NYKLAC,8538917,1,KXNBAGAME,TRUE,Sports,KXNBAGAME-26MAR09NYKLAC-NYK
KXSENATETXD-26,8528627,1,KXSENATETXD,FALSE,Politics,KXSENATETXD-26-JCRO
KXNBAGAME-25DEC25DALGSW,8523940,1,KXNBAGAME,TRUE,Sports,KXNBAGAME-25DEC25DALGSW-DAL
KXPGA-25,8517055,1,KXPGA,TRUE,Sports,KXPGA-25-SS
KXNCAAFGAME-25OCT25TXAMLSU,8481365,1,KXNCAAFGAME,TRUE,Sports,KXNCAAFGAME-25OCT25TXAMLSU-TXAM
KXNCAAFGAME-25OCT10RUTGWASH,8477468,1,KXNCAAFGAME,TRUE,Sports,KXNCAAFGAME-25OCT10RUTGWASH-RUTG
KXNBAGAME-26MAR08NYKLAL,8474176,1,KXNBAGAME,TRUE,Sports,KXNBAGAME-26MAR08NYKLAL-NYK
KXNFLGAME-25NOV02INDPIT,8471796,1,KXNFLGAME,TRUE,Sports,KXNFLGAME-25NOV02INDPIT-IND
KXMARMAD-25R8G1,8455292,1,KXMARMAD,TRUE,Sports,KXMARMAD-25R8G1-AUB
KXNCAAMBGAME-26MAR20PVFLA,8437579,1,KXNCAAMBGAME,TRUE,Sports,KXNCAAMBGAME-26MAR20PVFLA-PV
KXNCAAFGAME-25OCT25BYUISU,8433734,1,KXNCAAFGAME,TRUE,Sports,KXNCAAFGAME-25OCT25BYUISU-BYU
KXNBAGAME-25DEC02OKCGSW,8416770,1,KXNBAGAME,TRUE,Sports,KXNBAGAME-25DEC02OKCGSW-GSW
KXNCAAFGAME-25OCT04MIAFSU,8398084,1,KXNCAAFGAME,TRUE,Sports,KXNCAAFGAME-25OCT04MIAFSU-MIA
KXNBAGAME-26FEB06MIABOS,8394342,1,KXNBAGAME,TRUE,Sports,KXNBAGAME-26FEB06MIABOS-BOS
KXNCAAMBBIG10-26,8382867,1,KXNCAAMBBIG10,TRUE,Sports,KXNCAAMBBIG10-26-MICH
KXNCAAFGAME-25OCT18USCND,8363718,1,KXNCAAFGAME,TRUE,Sports,KXNCAAFGAME-25OCT18USCND-USC
KXNBAGAME-26FEB09DETCHA,8346222,1,KXNBAGAME,TRUE,Sports,KXNBAGAME-26FEB09DETCHA-DET
KXNCAAMBGAME-26MAR19HPWIS,8330078,1,KXNCAAMBGAME,TRUE,Sports,KXNCAAMBGAME-26MAR19HPWIS-HP
KXNBAGAME-25MAY21INDNYK,8322622,1,KXNBAGAME,TRUE,Sports,KXNBAGAME-25MAY21INDNYK-IND
KXNBAGAME-25NOV25LACLAL,8316245,1,KXNBAGAME,TRUE,Sports,KXNBAGAME-25NOV25LACLAL-LAL
KXNBAGAME-26FEB06LACSAC,8305975,1,KXNBAGAME,TRUE,Sports,KXNBAGAME-26FEB06LACSAC-LAC
KXNBAGAME-25OCT28LACGSW,8289978,1,KXNBAGAME,TRUE,Sports,KXNBAGAME-25OCT28LACGSW-GSW
KXNBAGAME-26FEB02NOPCHA,8274339,1,KXNBAGAME,TRUE,Sports,KXNBAGAME-26FEB02NOPCHA-CHA
KXNCAAFGAME-25NOV07TULNMEM,8248665,1,KXNCAAFGAME,TRUE,Sports,KXNCAAFGAME-25NOV07TULNMEM-MEM
KXNBAGAME-26FEB03PHIGSW,8240267,1,KXNBAGAME,TRUE,Sports,KXNBAGAME-26FEB03PHIGSW-PHI
KXNBAGAME-26MAR15PORPHI,8221374,1,KXNBAGAME,TRUE,Sports,KXNBAGAME-26MAR15PORPHI-PHI
KXNCAAFGAME-25OCT11WSUMISS,8174140,1,KXNCAAFGAME,TRUE,Sports,KXNCAAFGAME-25OCT11WSUMISS-WSU
KXNCAAFGAME-26JAN02RICETXST,8152381,1,KXNCAAFGAME,TRUE,Sports,KXNCAAFGAME-26JAN02RICETXST-RICE
KXNFLGAME-25NOV30MINSEA,8135220,1,KXNFLGAME,TRUE,Sports,KXNFLGAME-25NOV30MINSEA-MIN
KXNBAGAME-26JAN13SASOKC,8107551,1,KXNBAGAME,TRUE,Sports,KXNBAGAME-26JAN13SASOKC-SAS
KXNFLGAME-25NOV02MINDET,8105944,1,KXNFLGAME,TRUE,Sports,KXNFLGAME-25NOV02MINDET-DET
KXNFLSBMVP-26,8101023,1,KXNFLSBMVP,TRUE,Sports,KXNFLSBMVP-26-KWALKER9
KXNBAGAME-26JAN24LALDAL,8087379,1,KXNBAGAME,TRUE,Sports,KXNBAGAME-26JAN24LALDAL-LAL
KXNBAGAME-26JAN09MILLAL,8087291,1,KXNBAGAME,TRUE,Sports,KXNBAGAME-26JAN09MILLAL-LAL
KXWMARMAD-26,8066573,1,KXWMARMAD,TRUE,Sports,KXWMARMAD-26-SCAR
KXNBAGAME-25NOV18GSWORL,8006907,1,KXNBAGAME,TRUE,Sports,KXNBAGAME-25NOV18GSWORL-GSW
KXNBAGAME-26FEB10SASLAL,7995796,1,KXNBAGAME,TRUE,Sports,KXNBAGAME-26FEB10SASLAL-LAL
KXETHMAXY-25DEC31,7993202,1,KXETHMAXY,FALSE,Crypto,KXETHMAXY-25DEC31-4999.99
KXNBAGAME-26JAN23BOSBKN,7992673,1,KXNBAGAME,TRUE,Sports,KXNBAGAME-26JAN23BOSBKN-BOS
KXNCAAFGAME-25OCT10USFUNT,7988557,1,KXNCAAFGAME,TRUE,Sports,KXNCAAFGAME-25OCT10USFUNT-USF
KXNBAGAME-26FEB28HOUMIA,7987546,1,KXNBAGAME,TRUE,Sports,KXNBAGAME-26FEB28HOUMIA-HOU
KXUFCFIGHT-26APR11PROULB,7974046,1,KXUFCFIGHT,TRUE,Sports,KXUFCFIGHT-26APR11PROULB-PRO
KXNBAGAME-25MAY28MINOKC,7963130,1,KXNBAGAME,TRUE,Sports,KXNBAGAME-25MAY28MINOKC-MIN
KXNBAGAME-26JAN28SASHOU,7954754,1,KXNBAGAME,TRUE,Sports,KXNBAGAME-26JAN28SASHOU-SAS
KXNBAGAME-26JAN31SASCHA,7953887,1,KXNBAGAME,TRUE,Sports,KXNBAGAME-26JAN31SASCHA-SAS
KXNBAGAME-25NOV12DENLAC,7951024,1,KXNBAGAME,TRUE,Sports,KXNBAGAME-25NOV12DENLAC-DEN
KXNBAGAME-26MAR02DENUTA,7895829,1,KXNBAGAME,TRUE,Sports,KXNBAGAME-26MAR02DENUTA-UTA
KXNBAGAME-26FEB21HOUNYK,7875842,1,KXNBAGAME,TRUE,Sports,KXNBAGAME-26FEB21HOUNYK-NYK
KXUFCFIGHT-26FEB21STRHER,7869638,1,KXUFCFIGHT,TRUE,Sports,KXUFCFIGHT-26FEB21STRHER-STR
KXNCAAFGAME-25SEP20MICHNEB,7862986,1,KXNCAAFGAME,TRUE,Sports,KXNCAAFGAME-25SEP20MICHNEB-MICH
KXPGATOUR-THGI26,7843533,1,KXPGATOUR,TRUE,Sports,KXPGATOUR-THGI26-RMCI
KXNBAGAME-25NOV26HOUGSW,7835814,1,KXNBAGAME,TRUE,Sports,KXNBAGAME-25NOV26HOUGSW-GSW
KXNCAAFGAME-25SEP27GTWAKE,7832804,1,KXNCAAFGAME,TRUE,Sports,KXNCAAFGAME-25SEP27GTWAKE-GT
PRESPARTYMI-24,7824160,1,PRESPARTYMI,FALSE,Politics,PRESPARTYMI-24-D
KXNBAGAME-25OCT31BOSPHI,7811196,1,KXNBAGAME,TRUE,Sports,KXNBAGAME-25OCT31BOSPHI-PHI
KXNBAGAME-25NOV19NYKDAL,7808362,1,KXNBAGAME,TRUE,Sports,KXNBAGAME-25NOV19NYKDAL-NYK
KXNHLGAME-25JUN12EDMFLA,7806643,1,KXNHLGAME,TRUE,Sports,KXNHLGAME-25JUN12EDMFLA-EDM
KXNBAGAME-25DEC15HOUDEN,7795625,1,KXNBAGAME,TRUE,Sports,KXNBAGAME-25DEC15HOUDEN-DEN
KXNBAGAME-26APR10DETCHA,7786786,1,KXNBAGAME,TRUE,Sports,KXNBAGAME-26APR10DETCHA-DET
KXNCAAFGAME-25NOV08AUBVAN,7779763,1,KXNCAAFGAME,TRUE,Sports,KXNCAAFGAME-25NOV08AUBVAN-VAN
KXNCAAFGAME-25DEC20JMUORE,7778717,1,KXNCAAFGAME,TRUE,Sports,KXNCAAFGAME-25DEC20JMUORE-JMU
KXNFLGAME-25OCT19LAJAC,7751354,1,KXNFLGAME,TRUE,Sports,KXNFLGAME-25OCT19LAJAC-JAC
KXNBAGAME-26APR05LALDAL,7740478,1,KXNBAGAME,TRUE,Sports,KXNBAGAME-26APR05LALDAL-LAL
KXNCAAFGAME-25NOV01VANTEX,7732213,1,KXNCAAFGAME,TRUE,Sports,KXNCAAFGAME-25NOV01VANTEX-VAN
KXNBAGAME-26FEB03PHXPOR,7713166,1,KXNBAGAME,TRUE,Sports,KXNBAGAME-26FEB03PHXPOR-PHX
KXNCAAFGAME-25DEC23UNLVOHIO,7687123,1,KXNCAAFGAME,TRUE,Sports,KXNCAAFGAME-25DEC23UNLVOHIO-UNLV
KXMVECBCHAMPIONSHIP-S202633C297424D58951,7657248,1,KXMVECBCHAMPIONSHIP,TRUE,"",KXMVECBCHAMPIONSHIP-S202633C297424D58951-895116CC4DF
KXNBAGAME-26JAN12UTACLE,7656404,1,KXNBAGAME,TRUE,Sports,KXNBAGAME-26JAN12UTACLE-UTA
KXNCAAMBGAME-26MAR26IOWANEB,7650436,1,KXNCAAMBGAME,TRUE,Sports,KXNCAAMBGAME-26MAR26IOWANEB-NEB
KXNCAAFGAME-26JAN02ARIZSMU,7646663,1,KXNCAAFGAME,TRUE,Sports,KXNCAAFGAME-26JAN02ARIZSMU-ARIZ
KXNCAAFGAME-25OCT18GTDUKE,7641509,1,KXNCAAFGAME,TRUE,Sports,KXNCAAFGAME-25OCT18GTDUKE-GT
KXNBAGAME-26APR10GSWSAC,7629977,1,KXNBAGAME,TRUE,Sports,KXNBAGAME-26APR10GSWSAC-GSW
KXNBAGAME-26JAN15NYKGSW,7622223,1,KXNBAGAME,TRUE,Sports,KXNBAGAME-26JAN15NYKGSW-NYK
KXNFLGAME-26JAN04CARTB,7617017,1,KXNFLGAME,TRUE,Sports,KXNFLGAME-26JAN04CARTB-CAR
KXUSOWOMENSINGLES-25,7612411,1,KXUSOWOMENSINGLES,TRUE,Sports,KXUSOWOMENSINGLES-25-AS
KXNCAAFGAME-25NOV22MIZZOKLA,7600228,1,KXNCAAFGAME,TRUE,Sports,KXNCAAFGAME-25NOV22MIZZOKLA-OKLA
KXNCAAMBGAME-26MAR26ARKARIZ,7585679,1,KXNCAAMBGAME,TRUE,Sports,KXNCAAMBGAME-26MAR26ARKARIZ-ARK
KXNBAGAME-26FEB01LALNYK,7567740,1,KXNBAGAME,TRUE,Sports,KXNBAGAME-26FEB01LALNYK-LAL
KXNBAGAME-26MAR24DENPHX,7556629,1,KXNBAGAME,TRUE,Sports,KXNBAGAME-26MAR24DENPHX-DEN
KXNFLGAME-25NOV16CARATL,7540657,1,KXNFLGAME,TRUE,Sports,KXNFLGAME-25NOV16CARATL-CAR
PRESPARTYIA-24,7534047,1,PRESPARTYIA,FALSE,Elections,PRESPARTYIA-24-D
KXNCAAFGAME-25DEC26FIUUTSA,7530840,1,KXNCAAFGAME,TRUE,Sports,KXNCAAFGAME-25DEC26FIUUTSA-FIU
KXMVECROSSCATEGORY-S2026128C9867FF9,7526189,1,KXMVECROSSCATEGORY,TRUE,Sports,KXMVECROSSCATEGORY-S2026128C9867FF9-1354DE921B4
KXNBAGAME-25MAY22MINOKC,7507168,1,KXNBAGAME,TRUE,Sports,KXNBAGAME-25MAY22MINOKC-MIN
KXNCAAMBGAME-26MAR27ALAMICH,7501525,1,KXNCAAMBGAME,TRUE,Sports,KXNCAAMBGAME-26MAR27ALAMICH-ALA
KXNBAGAME-26FEB05WASDET,7495937,1,KXNBAGAME,TRUE,Sports,KXNBAGAME-26FEB05WASDET-WAS
KXNBAGAME-26FEB25SASTOR,7486817,1,KXNBAGAME,TRUE,Sports,KXNBAGAME-26FEB25SASTOR-SAS
KXNBAGAME-25DEC18NYKIND,7486178,1,KXNBAGAME,TRUE,Sports,KXNBAGAME-25DEC18NYKIND-NYK
KXNFLGAME-25NOV16LACJAC,7474365,1,KXNFLGAME,TRUE,Sports,KXNFLGAME-25NOV16LACJAC-LAC
KXNCAAFGAME-25AUG30ALAFSU,7472245,1,KXNCAAFGAME,TRUE,Sports,KXNCAAFGAME-25AUG30ALAFSU-ALA
KXNCAAFGAME-25DEC27CONNARMY,7455107,1,KXNCAAFGAME,TRUE,Sports,KXNCAAFGAME-25DEC27CONNARMY-CONN
KXNBAGAME-26MAR28PHICHA,7444695,1,KXNBAGAME,TRUE,Sports,KXNBAGAME-26MAR28PHICHA-PHI
KXNBAGAME-25MAY23INDNYK,7409776,1,KXNBAGAME,TRUE,Sports,KXNBAGAME-25MAY23INDNYK-IND
KXNFLGAME-25DEC07PITBAL,7398050,1,KXNFLGAME,TRUE,Sports,KXNFLGAME-25DEC07PITBAL-PIT
KXNBAGAME-26FEB04OKCSAS,7396503,1,KXNBAGAME,TRUE,Sports,KXNBAGAME-26FEB04OKCSAS-OKC
KXNFLGAME-25NOV23NECIN,7381574,1,KXNFLGAME,TRUE,Sports,KXNFLGAME-25NOV23NECIN-NE
KXNBAGAME-26JAN20LALDEN,7364441,1,KXNBAGAME,TRUE,Sports,KXNBAGAME-26JAN20LALDEN-LAL
KXNBAGAME-26JAN24NYKPHI,7356169,1,KXNBAGAME,TRUE,Sports,KXNBAGAME-26JAN24NYKPHI-PHI
KXPGATOUR-WMPO26,7312149,1,KXPGATOUR,TRUE,Sports,KXPGATOUR-WMPO26-SSCH
KXNCAAMBGAME-26MAR14WISMICH,7300997,1,KXNCAAMBGAME,TRUE,Sports,KXNCAAMBGAME-26MAR14WISMICH-WIS
KXNBAGAME-26MAR29NYKOKC,7295023,1,KXNBAGAME,TRUE,Sports,KXNBAGAME-26MAR29NYKOKC-NYK
KXNCAAMBGAME-26FEB17TTUASU,7277455,1,KXNCAAMBGAME,TRUE,Sports,KXNCAAMBGAME-26FEB17TTUASU-TTU
KXNBAGAME-26JAN07HOUPOR,7273850,1,KXNBAGAME,TRUE,Sports,KXNBAGAME-26JAN07HOUPOR-HOU
KXNCAAFGAME-25NOV21FSUNCST,7265443,1,KXNCAAFGAME,TRUE,Sports,KXNCAAFGAME-25NOV21FSUNCST-NCST
KXNFLGAME-25NOV16GBNYG,7246738,1,KXNFLGAME,TRUE,Sports,KXNFLGAME-25NOV16GBNYG-GB
KXNBAGAME-26APR02SASLAC,7244408,1,KXNBAGAME,TRUE,Sports,KXNBAGAME-26APR02SASLAC-SAS
KXNFLGAME-25DEC25DALWAS,7227691,1,KXNFLGAME,TRUE,Sports,KXNFLGAME-25DEC25DALWAS-WAS
KXNBAGAME-26MAR08BOSCLE,7224176,1,KXNBAGAME,TRUE,Sports,KXNBAGAME-26MAR08BOSCLE-BOS
KXNBAGAME-26JAN12LALSAC,7215808,1,KXNBAGAME,TRUE,Sports,KXNBAGAME-26JAN12LALSAC-LAL
KXNBAGAME-26JAN07DENBOS,7207335,1,KXNBAGAME,TRUE,Sports,KXNBAGAME-26JAN07DENBOS-DEN
KXNCAAMBGAME-26MAR20HOFALA,7198158,1,KXNCAAMBGAME,TRUE,Sports,KXNCAAMBGAME-26MAR20HOFALA-HOF
KXMLBGAME-25OCT01BOSNYY,7194811,1,KXMLBGAME,TRUE,Sports,KXMLBGAME-25OCT01BOSNYY-BOS
KXNFLGAME-25DEC22SFIND,7180461,1,KXNFLGAME,TRUE,Sports,KXNFLGAME-25DEC22SFIND-IND
KXNCAAFGAME-25OCT18TTUASU,7180391,1,KXNCAAFGAME,TRUE,Sports,KXNCAAFGAME-25OCT18TTUASU-TTU
KXMVESPORTSMULTIGAMEEXTENDED-S2026533C916DCA7,7163779,1,KXMVESPORTSMULTIGAMEEXTENDED,TRUE,Sports,KXMVESPORTSMULTIGAMEEXTENDED-S2026533C916DCA7-671988706CD
KXPGATOUR-VATO26,7163645,1,KXPGATOUR,TRUE,Sports,KXPGATOUR-VATO26-RMAC
KXNFLGAME-25SEP14DENIND,7159918,1,KXNFLGAME,TRUE,Sports,KXNFLGAME-25SEP14DENIND-IND
KXNBAGAME-25DEC26DETUTA,7156992,1,KXNBAGAME,TRUE,Sports,KXNBAGAME-25DEC26DETUTA-UTA
KXNBAGAME-26JAN31ATLIND,7154059,1,KXNBAGAME,TRUE,Sports,KXNBAGAME-26JAN31ATLIND-ATL
KXNBAGAME-25DEC29DALPOR,7152416,1,KXNBAGAME,TRUE,Sports,KXNBAGAME-25DEC29DALPOR-DAL
KXFOWOMENSINGLES-25,7151442,1,KXFOWOMENSINGLES,TRUE,Sports,KXFOWOMENSINGLES-25-AS
KXNCAAMBGAME-26FEB23HOUKU,7148928,1,KXNCAAMBGAME,TRUE,Sports,KXNCAAMBGAME-26FEB23HOUKU-HOU
KXNFLGAME-25NOV16BALCLE,7124614,1,KXNFLGAME,TRUE,Sports,KXNFLGAME-25NOV16BALCLE-BAL
KXNBAGAME-26FEB07HOUOKC,7114960,1,KXNBAGAME,TRUE,Sports,KXNBAGAME-26FEB07HOUOKC-HOU
KXMLBGAME-25OCT08PHILAD,7086087,1,KXMLBGAME,TRUE,Sports,KXMLBGAME-25OCT08PHILAD-LAD
KXNBAWEST-25,7081140,1,KXNBAWEST,TRUE,Sports,KXNBAWEST-25-MIN
KXNCAAFGAME-25SEP01TCUUNC,7074246,1,KXNCAAFGAME,TRUE,Sports,KXNCAAFGAME-25SEP01TCUUNC-UNC
KXUFCFIGHT-25JUL19POIHOL,7074063,1,KXUFCFIGHT,TRUE,Sports,KXUFCFIGHT-25JUL19POIHOL-POI
KXMLBGAME-25OCT08TORNYY,7065630,1,KXMLBGAME,TRUE,Sports,KXMLBGAME-25OCT08TORNYY-TOR
KXPGARYDER-RC25,7056004,1,KXPGARYDER,TRUE,Sports,KXPGARYDER-RC25-USA
KXNFLGAME-25SEP07ARINO,7053163,1,KXNFLGAME,TRUE,Sports,KXNFLGAME-25SEP07ARINO-ARI
KXNBAGAME-25OCT24GSWPOR,7051307,1,KXNBAGAME,TRUE,Sports,KXNBAGAME-25OCT24GSWPOR-GSW
KXNFLGAME-25OCT19LVKC,7027815,1,KXNFLGAME,TRUE,Sports,KXNFLGAME-25OCT19LVKC-LV
KXBTCMINY-25-2-DEC31,7015921,1,KXBTCMINY,FALSE,Crypto,KXBTCMINY-25-2-DEC31-80000
KXNCAAFGAME-25NOV22BYUCIN,7002429,1,KXNCAAFGAME,TRUE,Sports,KXNCAAFGAME-25NOV22BYUCIN-BYU
KXNCAAFGAME-25DEC31ASUDUKE,6992533,1,KXNCAAFGAME,TRUE,Sports,KXNCAAFGAME-25DEC31ASUDUKE-ASU
KXPGATOUR-ARPIPBM26,6991805,1,KXPGATOUR,TRUE,Sports,KXPGATOUR-ARPIPBM26-ABHA
KXNBAGAME-26FEB02PHILAC,6991179,1,KXNBAGAME,TRUE,Sports,KXNBAGAME-26FEB02PHILAC-PHI
KXNFLGAME-25NOV09NETB,6988582,1,KXNFLGAME,TRUE,Sports,KXNFLGAME-25NOV09NETB-NE
KXNBAGAME-26MAR31PHXORL,6986233,1,KXNBAGAME,TRUE,Sports,KXNBAGAME-26MAR31PHXORL-PHX
KXMVESPORTSMULTIGAMEEXTENDED-S202649AA501F189,6968002,1,KXMVESPORTSMULTIGAMEEXTENDED,TRUE,Sports,KXMVESPORTSMULTIGAMEEXTENDED-S202649AA501F189-64251592ABC
KXNBAGAME-26JAN06DALSAC,6965113,1,KXNBAGAME,TRUE,Sports,KXNBAGAME-26JAN06DALSAC-DAL
KXIPLGAME-26APR10RCBRR,6959434,1,KXIPLGAME,TRUE,Sports,KXIPLGAME-26APR10RCBRR-RCB
KXMLBGAME-25OCT09PHILAD,6953691,1,KXMLBGAME,TRUE,Sports,KXMLBGAME-25OCT09PHILAD-LAD
KXNCAAFGAME-25DEC30CCARLT,6941539,1,KXNCAAFGAME,TRUE,Sports,KXNCAAFGAME-25DEC30CCARLT-LT
KXNBAGAME-26APR03NOPSAC,6929301,1,KXNBAGAME,TRUE,Sports,KXNBAGAME-26APR03NOPSAC-SAC
POPVOTEMOV-24-D,6925028,1,POPVOTEMOV,FALSE,Elections,POPVOTEMOV-24-D-B0.5
KXNBAGAME-26JAN23HOUDET,6913336,1,KXNBAGAME,TRUE,Sports,KXNBAGAME-26JAN23HOUDET-DET
KXNFLGAME-25DEC21LVHOU,6901153,1,KXNFLGAME,TRUE,Sports,KXNFLGAME-25DEC21LVHOU-LV
KXNFLGAME-25SEP07CINCLE,6892258,1,KXNFLGAME,TRUE,Sports,KXNFLGAME-25SEP07CINCLE-CIN
KXNCAAFGAME-25SEP20AUBOKLA,6889462,1,KXNCAAFGAME,TRUE,Sports,KXNCAAFGAME-25SEP20AUBOKLA-OKLA
KXNCAAFGAME-25DEC26CMUNW,6888669,1,KXNCAAFGAME,TRUE,Sports,KXNCAAFGAME-25DEC26CMUNW-CMU
KXNCAAFGAME-25NOV01GTNCST,6877459,1,KXNCAAFGAME,TRUE,Sports,KXNCAAFGAME-25NOV01GTNCST-GT
KXNBAGAME-26JAN26GSWMIN,6876103,1,KXNBAGAME,TRUE,Sports,KXNBAGAME-26JAN26GSWMIN-GSW
KXNBAGAME-25NOV03LALPOR,6874254,1,KXNBAGAME,TRUE,Sports,KXNBAGAME-25NOV03LALPOR-LAL
KXNCAAMBGAME-26FEB21MICHDUKE,6873001,1,KXNCAAMBGAME,TRUE,Sports,KXNCAAMBGAME-26FEB21MICHDUKE-MICH
KXIPLGAME-26APR08GTDC,6870554,1,KXIPLGAME,TRUE,Sports,KXIPLGAME-26APR08GTDC-DC
